{"is_source_file": false, "format": "", "description": "", "external_files": [], "external_methods": [], "published": [], "classes": [], "methods": [], "calls": [], "search-terms": ["simple-to-do-list", "README.md", "323616", "323625"], "state": 2, "file_id": 4, "knowledge_revision": 6, "git_revision": "58285e189484fdbfc838705340898348b4595957", "hash": "9792c3a73905f18fa50183fb170ab87b", "format-version": 4, "code-base-name": "todo_backend", "filename": "README.md", "revision_history": [{"6": "58285e189484fdbfc838705340898348b4595957"}]}