{"is_source_file": true, "format": "Python", "description": "This file generates and writes the OpenAPI schema for the API defined in the project.", "external_files": ["src/api/main.py"], "external_methods": ["app.openapi()"], "published": [], "classes": [], "methods": [{"name": "<module-level code>", "description": "Main logic for generating and saving the OpenAPI schema."}], "calls": ["app.openapi()", "os.makedirs()", "os.path.join()", "json.dump()"], "search-terms": ["generate_openapi", "OpenAPI schema", "save schema", "api schema"], "state": 2, "file_id": 1, "knowledge_revision": 8, "git_revision": "9af68feb877d39edf99cd9e00986c66bb45445c3", "ctags": [{"_type": "tag", "name": "openapi_schema", "path": "/home/kavia/workspace/code-generation/simple-to-do-list-323616-323625/todo_backend/src/api/generate_openapi.py", "pattern": "/^openapi_schema = app.openapi()$/", "language": "Python", "kind": "variable"}, {"_type": "tag", "name": "output_dir", "path": "/home/kavia/workspace/code-generation/simple-to-do-list-323616-323625/todo_backend/src/api/generate_openapi.py", "pattern": "/^output_dir = \"interfaces\"$/", "language": "Python", "kind": "variable"}, {"_type": "tag", "name": "output_path", "path": "/home/kavia/workspace/code-generation/simple-to-do-list-323616-323625/todo_backend/src/api/generate_openapi.py", "pattern": "/^output_path = os.path.join(output_dir, \"openapi.json\")$/", "language": "Python", "kind": "variable"}], "hash": "61e3715e79bc397fab3e70f503a41417", "format-version": 4, "code-base-name": "todo_backend", "filename": "todo_backend/src/api/generate_openapi.py", "fields": [{"name": "openapi_schema = app.openapi()", "scope": "", "scopeKind": "", "description": "unavailable"}, {"name": "output_dir = \"interfaces\"", "scope": "", "scopeKind": "", "description": "unavailable"}, {"name": "output_path = os.path.join(output_dir, \"openapi.json\")", "scope": "", "scopeKind": "", "description": "unavailable"}], "revision_history": [{"8": "9af68feb877d39edf99cd9e00986c66bb45445c3"}]}